<!DOCTYPE hibernate-configuration PUBLIC
        "-//Hibernate/Hibernate Configuration DTD 3.0//EN"
        "http://www.hibernate.org/dtd/hibernate-configuration-3.0.dtd">
<hibernate-configuration>
    <session-factory>

        <property name="hibernate.connection.driver_class">
            com.mysql.cj.jdbc.Driver
        </property>

        <property name="hibernate.connection.url">
            jdbc:mysql://localhost:3306/onlineshopping_db?useSSL=false&amp;serverTimezone=UTC
        </property>

        <property name="hibernate.connection.username">root</property>
        <property name="hibernate.connection.password">root</property>

        <property name="hibernate.dialect">
            org.hibernate.dialect.MySQLDialect
        </property>

        <property name="hibernate.hbm2ddl.auto">update</property>
        <property name="hibernate.show_sql">true</property>

        <mapping class="com.emsi.onsp.onligne_shopping.model.User"/>
        <mapping class="com.emsi.onsp.onligne_shopping.model.RealEstateProduct"/>
        <mapping class="com.emsi.onsp.onligne_shopping.model.FurnitureProduct"/>
        <mapping class="com.emsi.onsp.onligne_shopping.model.Order"/>
        <mapping class="com.emsi.onsp.onligne_shopping.model.OrderItem"/>

    </session-factory>
</hibernate-configuration>
